"GDP per capita, PPP (euro, the long-term exchange rate of 1.33 USD/â‚¬)", , , , , , , , , , , , , , , ,
Code,Countries,Continents,SRegion,2015.0,2020.0,2025.0,2030.0,2035.0,2040.0,2045.0,2050.0,2060.0,2070.0,2080.0,2090.0,2100.0
1,Afghanistan,Asia-Pacific,India_SAARC,1403.13071178629,1683.18104610408,2185.48169900619,3111.67844980023,4840.79282768029,7995.94463778656,13341.5890365383,21338.5287140098,42899.4392561219,63337.2847111563,76861.4751982957,84046.5683382529,87418.3602565563
2,Albania,Europe,Europe,8134.79878354537,10875.538379215,14685.1130488135,19676.7104117562,25765.2659765996,32652.3619492843,39921.1657611014,47181.0404265664,60699.6915339716,72005.7427850432,80242.6492896481,85276.8637332234,87982.4018235042
3,Algeria,Africa,MENA,10724.5375411503,12977.7210932664,16424.9014461785,21407.1759265581,28010.1167132041,35853.4045452435,44164.6425122034,52155.5583122722,65622.6329982272,75550.0624011011,82219.4963105095,86050.6599668397,87991.6115602097
4,Andorra,Europe,Europe,25864.1519762414,29166.0550819552,32578.107342212,36076.9738183106,39656.7272309917,43334.0634701073,47148.6768461865,51153.7642366544,59857.5831671234,69044.9022401291,77329.3421063665,83662.17293569,88116.5474160348
5,Angola,Africa,Africa,5965.42033316453,7869.40034444316,10372.1369387397,13562.9000130412,17492.755740256,22163.1357967564,27527.7237825687,33503.9173282778,46807.3008840185,60617.2290166781,72793.1419110019,81862.2756905385,87904.0723859279
6,Antarctica,,,,,,,,,,,,,,,
7,Antigua and Barbuda,Americas,N America,16162.4588090948,18477.0737580387,22088.5996406482,27347.2978183212,34250.0477740294,42203.8378909832,50227.8563158206,57510.6103695372,69009.5824619483,77293.6184567255,82972.7104862392,86295.7218333219,88000.1078508114
8,Area under dispute,,,,,,,,,,,,,,,
9,Argentina,Americas,S America,15465.3880616001,19688.6029332805,25581.9585890146,32935.2039222136,40987.9067474153,48775.9183368415,55639.3919595085,61421.2474457377,70564.6328535393,77741.1696618048,83006.7521172921,86192.7214166712,87855.7313551718
10,Armenia,Europe,Eurasia,6539.95962089511,10139.3179326185,15930.0378557305,24038.46283889,33632.9900525062,43288.7119333779,51868.3729364196,58977.7612883834,69645.3120224196,77432.7926734288,82924.4851587504,86190.0320369472,87879.7157309501
11,Australia,Asia-Pacific,SE Asia,33657.248366071,38703.8390016345,44619.7237489808,51105.4063253296,57719.6757039566,63996.3040908725,69568.8698863379,74239.0836985062,80847.0690351271,84577.3142581749,86530.1134568395,87512.7749677564,87997.501698753
12,Austria,Europe,Europe,35576.5248646528,39631.4549332973,44282.1425636034,49388.2413267931,54733.5472821375,60060.8117278635,65120.8277984849,69716.6306667799,77110.757723005,82106.3435519688,85210.2385523432,87041.432771488,88089.3373740628
13,Azerbaijan,Asia-Pacific,Eurasia,13251.7621989875,16302.7967084354,20135.5008047482,24745.1735972795,30029.5874027253,35807.0614059506,41867.0396130848,48024.057700036,60101.8266052528,71000.9923003653,79449.0973154574,84899.8005424114,87996.3224322118
14,Bahamas. The,Americas,N America,16942.875495555,17888.2553125767,19662.2473980355,22871.4310981783,28253.5739080689,36143.4756881296,45692.7728318599,55095.9582788377,69164.9655548726,77801.8958170017,83262.6208812801,86394.5694619143,88000.0138579948
15,Bahrain,Asia-Pacific,MENA,32799.1002726607,35302.2025798832,38267.4337672881,41701.5633537677,45574.3297546336,49811.8094080972,54297.7808051637,58884.9201974338,67735.9498637149,75315.9502074801,81136.8673667633,85253.4807496409,88001.7283617635
16,Bangladesh,Asia-Pacific,India_SAARC,2358.71360112451,3145.01843841874,4323.40512549415,6068.4380934272,8589.79055595675,12100.4986450087,16764.6092894473,22640.9824298553,37540.0971307038,54404.9910805143,69626.7853267056,80827.9084713581,87999.771859985
17,Barbados,Americas,N America,11759.10951726,12929.8593789768,14659.7425390612,17171.4625790376,20711.8382059538,25481.5409557154,31526.3517376446,38650.0580901782,54329.0296526057,68576.3899036437,78839.0319106829,84885.8199145213,87999.7784538168
18,Belarus,Europe,Eurasia,13777.481226284,17220.1524717577,21506.8002880963,26577.8345348128,32258.5214299709,38302.2665906841,44464.4886940671,50563.6558358711,62182.7931193807,72430.6130313266,80258.6185541879,85227.4720464877,87996.0661644953
19,Belgium,Europe,Europe,31015.7561500508,32897.6234312333,35339.4961721681,38431.6871962821,42224.7603149698,46695.8026861892,51721.7209153778,57077.8549635303,67610.679953783,76255.6332047379,82232.195271059,85903.2464805203,87999.9980598077
20,Belize,Americas,S America,6037.65890462092,6896.92233756459,8166.97865821329,10033.8009101251,12735.3944743132,16531.8120603851,21631.9073475439,28090.5837941425,44136.4821084461,60973.8604992188,74506.7667938869,83192.2626077559,87998.2002815209
21,Benin,Africa,Africa,1494.43378027066,1793.92630924178,2322.30670662005,3278.00387368795,5023.95788951498,8142.34184913041,13339.5969657471,21060.4362964936,42097.076557497,62674.7305715232,76725.12480139331,84360.6687552697,88000.0504517556
22,Bermuda,Americas,N America,39109.8081584751,43159.986790727,48117.4064904076,53789.7620082109,59798.8495500527,65670.0432995225,70976.0983715507,75449.3075427663,81713.2385312051,85122.2303991341,86817.6719937091,87623.5602035162,87998.4168048645
23,Bhutan,Asia-Pacific,India_SAARC,5908.762756311,7836.07095216958,10363.7290839612,13576.7496474661,17521.4150970258,22195.5336832875,27551.8133536395,33509.810857577,46766.6627319642,60552.1004658016,72749.6019771116,81880.2357830104,88001.3676770321
24,Bolivia,Americas,S America,4859.57472465569,5907.54150122765,7403.87421191619,9517.30804801898,12439.7922317199,16352.6702081122,21375.3363423269,27513.9279028631,42451.1128003648,58551.2926227806,72400.7433963518,82097.9701147265,88002.5683631095
25,Bosnia-Herzegovina,Europe,Europe,7421.64300667394,9292.84242652523,12029.3214845472,15884.3100047716,21017.8708613895,27382.6076395655,34681.7037688458,42456.1617288442,57672.2888669629,70500.9494367104,79665.5302198346,85151.2334768133,88042.0232076802
26,Botswana,Africa,Africa,11858.3426502217,13969.3496595559,16522.8358497981,19560.1444272559,23108.4912722086,27180.5418239803,31776.9480020641,36887.1019721116,48478.5922573243,61010.2969963539,72571.1868998605,81620.8621133006,88002.192789652
27,Bouvet Island (uninhabited),,,,,,,,,,,,,,,
28,Brazil,Americas,S America,11632.8435582618,13656.7401738281,16484.4247843234,20299.5588703652,25200.2144214587,31123.2958840263,37822.9668886425,44936.3594332022,58989.7767445152,71083.0888012292,79868.0995026161,85181.5646453989,88001.5963070079
29,Brunei,Asia-Pacific,SE Asia,51350.0130479086,53917.7452361335,56827.1833846735,60015.8579849889,63385.183272965,66810.6900720098,70159.7768497232,73311.8536408995,78692.1784826589,82641.2359328977,85294.4801868106,86973.8301609434,87997.2022776962
30,Bulgaria,Europe,Europe,13029.788634451,16516.2415209295,21198.8925939302,27054.6667062368,33790.9585003654,40916.2902395368,47933.5529301535,54513.3199134854,65995.3706824637,75242.7880949117,81894.1079109522,85884.2018660437,87971.8394368293
31,Myanmar former Burma,Asia-Pacific,SE Asia,2073.48671999295,3599.22149607889,5954.26623669495,9668.78801574807,15218.832776212,22657.292032681,31424.6218061217,40609.9010135294,57367.8683421182,70222.3652245095,79045.7402646802,84522.2794911607,87843.7044491039
32,Burundi,Africa,Africa,557.365115316781,610.88380434267,722.611737019619,969.571116842013,1559.22535998056,3066.77857498672,6879.79294796268,15105.8758890929,43842.6936237704,68277.9839120681,80507.2706326101,85783.0824346822,88000.0006132416
33,Cambodia (Formerly Kampuchea),Asia-Pacific,SE Asia,2402.00644404032,3005.05612927549,3899.63932238805,5236.30045473423,7222.99766164816,10115.94295826087,14178.0133960508,19601.9034501724,34442.6744242761,52273.277891318,68648.2078245187,80569.5901508512,87994.1908502812
34,Cameroon,Africa,Africa,2182.19792368013,2519.97780753916,3104.2679341858,4134.48184203094,5965.45882079867,9157.9254538493,14392.9024120574,22107.9201995877,43046.1081924233,63397.0110397347,77138.0543285565,84517.7194194325,87999.7024124444
35,Canada,Americas,N America,33331.189720148,39116.9882694716,46545.0699229037,54999.9490205873,63409.3269818949,70747.1027642114,76473.2604673752,80574.7421083514,85128.8141321419,86956.6337199055,87648.1530683799,87903.9311564004,87997.7474036448
36,Cape Verde,Africa,Africa,5118.05870487534,7173.60337570771,9980.86983062659,13647.9177244124,18206.3620674359,23595.6940839058,29678.8524690446,36278.8551276296,50276.596245284,63899.8863302548,75192.1399078545,83081.373400926,87993.3778740992
37,Central African Republic,Africa,Africa,505.452120787911,844.275513550375,1479.26724801749,2723.3012549916,5114.17274510323,9344.46836458455,15922.1664837475,24737.0369612281,45563.1503067479,64226.2501074147,77065.5656554131,84383.482088512,88095.5146885638
38,Chad,Africa,Africa,1713.57096060003,2292.15067496318,3212.61104958817,4671.83782297118,6937.74187292865,10318.2010366422,15079.6106510184,21335.5478163776,37598.7630562241,55658.8637936565,71102.5323812802,81703.4842397816,87989.4696546478
39,Chile,Americas,S America,16898.4570225433,19554.0125755213,22591.5272471223,26007.5146925456,29789.4331299386,33922.9562479366,38399.2742296139,43215.6430675648,53786.2556935196,64910.2351910091,74950.0921841057,82647.3875869922,88001.6747616117
40,China,Asia-Pacific,NE Asia,10198.6206436039,14798.288779649,20412.2864938105,26743.8959605643,33408.0208559473,40053.3195260406,46448.6315458608,52501.8354074427,63614.9857016185,73278.723167592,80673.4027846983,85381.770410762,88014.8913648006
41,Colombia,Americas,S America,9709.44446224068,11500.1666358588,13869.1109178475,16934.9947488166,20788.6606879495,25465.6066534141,30928.5162239901,37067.9047913684,50647.5410520949,64243.7018359171,75533.388049268,83300.7118984355,88005.2466396437
42,Comoros,Africa,Africa,1824.27204091071,3555.08938830398,6075.31940564498,9975.64333106711,15856.8470854512,23827.5881767403,33170.954380185096,42712.3474482184,59167.7690478033,71077.2619745016,79186.4726165042,84430.76004633,87903.0494354184
43,Congo. Democratic Republic of the (Formerly Zaire),Africa,Africa,1042.33853920451,1644.79730103052,2721.5214413192,4595.91202776218,7677.80785191436,12338.9419907237,18722.4653519973,26619.3231815795,44782.6755244338,62078.9272936253,75196.1688840354,83402.671800671,87911.4070189054
44,Congo. Republic of the,Africa,Africa,4667.24634721835,5607.611548385,7204.81668548013,9885.68216089581,14201.2550923724,20601.732523715,29034.0234857758,38739.5027808922,57666.0708432402,71901.1651287529,80834.7309480438,85660.1117338098,87999.0220278606
45,Costa Rica,Americas,S America,11175.7507933545,13681.0350842429,16875.8720203157,20815.2596977842,25487.4840637166,30808.2640437673,36639.6858070281,42823.1532190904,55614.789438877,67747.5716925164,77518.9506925725,84089.3184845615,87998.7580265539
46,Croatia,Europe,Europe,15407.0994646744,18532.1147291954,22419.5168747889,27047.3713665767,32296.9225001016,37975.7240082403,43872.1930288933,49809.9560359476,61346.7943616323,71676.7528470088,79624.9263760093,84697.1082077427,87537.9646153118
47,Crozet Islands (France),,,,,,,,,,,,,,,
48,Cuba,Americas,N America,15524.5174742059,18139.9736223588,22074.9279529051,27587.0638927504,34563.9099194885,42389.9674716265,50193.1621067902,57301.8826671512,68768.7968158578,77238.4910775392,83093.3476773281,86524.9448708378,88284.9174041195
49,Cyprus,Europe,Europe,22701.2577493477,25987.8654012417,30692.4286574327,36791.639892009,43775.3258530841,50803.0360155088,57166.5060662032,62603.7474833981,71280.7947387098,78168.8573938412,83271.4951258188,86374.8254897491,87999.4898167774
50,Czech Republic,Europe,Europe,22871.4480127451,26470.2638998752,30819.334985328,35793.2228790042,41162.6804304198,46660.8876661428,52068.9424038219,57267.9496473742,66945.2106032776,75419.2383492495,81846.0641050259,85831.079913464,87972.3459054361
51,Denmark,Europe,Europe,32496.1463501987,34854.399241649,37556.4536517259,40605.2480877072,43985.3323196941,47659.8770980088,51570.1930663913,55638.4865686843,63880.3568492642,71651.7591368125,78391.7500119245,83838.3900422044,88000.4615408026
52,Djibouti,Africa,Africa,2433.88012568263,3068.82619589424,4025.32349667182,5464.01935331918,7599.35522930989,10682.9230764382,14954.8697569536,20567.7565612825,35559.7783217986,53172.5340488573,69166.9558125447,80770.2247918273,88000.0335674273
53,Dominica,Americas,N America,8065.55265426467,9883.99804234282,12598.1760593203,16501.0349674026,21791.2193674102,28422.7117582409,36037.5879199483,44076.6224419299,59396.5644834154,71814.1850057419,80410.5281807155,85423.0256332901,87999.9978634303
54,Dominican Republic,Americas,N America,9875.01286854646,12098.3707573913,14802.2192728942,18022.0126060832,21773.6627992887,26055.1178428554,30852.0838148409,36141.9830881993,48008.1873518188,60711.3862880487,72384.3481335409,81527.058831995,88000.8691632646
55,Ecuador,Americas,S America,8439.91559381085,10533.9155130074,13950.2060201135,19192.3522364329,26451.0808640492,35231.9855279713,44450.946450699,53051.4579548021,66748.1372943127,76302.7011612212,82593.9518293116,86185.3155223209,88000.2137501901
56,Egypt,Africa,MENA,7929.01538390919,10867.1435320106,15849.1896651146,23384.6692808313,33009.6724287693,43191.5270188854,52356.0546214702,59815.5632089724,70497.7937927286,77990.8384546925,83243.7943629412,86374.4514118539,87999.4703430929
57,El Salvador,Americas,S America,6341.99131988617,8920.41900394142,13456.952106111,20626.6394711129,30202.6935170978,40729.9033311048,50467.7933380473,58504.8506783723,69967.5129478354,77800.9611939989,83182.917222957,86359.638983165,88000.4698240695
58,Equatorial Guinea,Africa,Africa,23203.3825341197,29201.9553282015,35036.2884578031,40523.3078964498,45590.0977971396,50258.1410370211,54616.9728909754,58789.4239656873,66963.5189338539,74788.5074361417,81188.8110311686,85472.8211241967,88016.3099115698
59,Eritrea,Africa,Africa,1382.76783371434,2284.41249461256,4449.98129600697,9334.93859543776,18377.143980301,30896.1332958836,43876.4789843999,54757.6754276147,69029.8618848034,77485.008668947,82905.5451949053,86036.5674556119,87644.2546109402
60,Estonia,Europe,Europe,20060.4545632243,21528.5106792037,23370.8451202653,25656.3680520777,28452.5955005705,31819.06379651,35799.2894750848,40409.7665832493,51337.9669726047,63420.0874971716,74401.3419907762,82612.8261231411,88005.7240482235
61,Ethiopia,Africa,Africa,1168.97097352838,1840.66115418121,3059.16295618487,5206.03509473201,8751.43998995193,14075.8741653507,21226.6736945228,29811.8028381073,48501.427572682,65124.0409674385,77070.4562010844,84222.7485792579,87999.7398537519
62,Falkland Islands (Islas Malvinas),,,,,,,,,,,,,,,
63,Federated States of Micronesia,Asia-Pacific,SE Asia,2414.2556989834,2647.52300904591,3058.69171935197,3798.17394276952,5152.07406145004,7634.2535753283,12021.5118485267,19096.577348679,40656.9828281708,62785.9811314314,77298.2867648981,84684.030504668,88000.0193223279
64,Fiji,Asia-Pacific,SE Asia,6416.19857151018,7267.69968693149,8548.99293714501,10465.2772531223,13282.7643834499,17291.704444544,22712.5973502012,29566.5912097481,46262.6638130608,63045.8619834989,75908.1977834629,83804.5028987056,88000.1089302586
65,Finland,Europe,Europe,30217.5880524683,34853.6593163846,40749.7407532877,47689.1448321283,55147.961987352,62434.4964513375,68934.3384035324,74292.0164546372,81488.5448345153,85166.3151673176,86885.9796642142,87657.0801966401,87996.3831385504
66,France,Europe,Europe,28823.8888231685,32037.2418626105,35853.4105736407,40246.5152939989,45124.3545815622,50328.6012520056,55653.0874985736,60876.4756058282,70268.0448549504,77549.8127694915,82636.1763345658,85943.3669895911,87996.8211308614
67,French Guiana (France),Americas,S America,9225.35457228662,12229.4951542206,16594.1204409468,22471.8963360347,29654.3457111548,37561.9160976014,45487.1602865275,52897.8205133655,65461.0242428357,75114.9151503543,81838.4805303171,85792.276155685,87829.9371471172
68,Gabon,Africa,Africa,14193.3264796286,15343.6689576153,17010.9300024135,19386.2803663109,22680.0369786036,27069.5851996752,32617.8637134305,39199.5554943587,54038.5738244401,68045.1196379385,78450.0076319452,84717.2740290236,88000.1288614127
69,Gambia. The,Africa,Africa,1245.62709298566,1586.94873168322,2108.30432193133,2911.98567228407,4151.07021276987,6038.85821169246,8842.1229974654,12844.4777055353,25206.4687159726,42681.3578809173,61399.3714207934,77024.6256094104,87958.8799844439
70,Georgia,Europe,Eurasia,5841.90768909365,8103.04013818297,11230.2015801338,15346.1442840682,20460.455126526,26447.1926089343,33076.4861386847,40081.9058658419,54267.1864449254,67260.9102748601,77428.317384562,84109.2701709023,87998.6563936262
71,Germany,Europe,Europe,33343.2458786495,36648.0683223851,40565.9355168186,45046.8267547803,49964.4135903564,55123.3071687979,60288.2578765019,65226.7511019497,73732.7983408368,79935.3186065511,84014.1137242469,86521.3615607269,88000.1815536158
72,Ghana,Africa,Africa,3107.6736927135,4476.18556857279,6922.67734523604,11080.0297229707,17467.4112699076,26001.2189710705,35799.6809544975,45642.1038636656,62355.2139161121,74159.009267821,81707.8014329733,85911.4947847013,88000.8467173452
73,Greece,Europe,Europe,18583.1114187665,19825.5821885611,21475.1377230021,23636.3652471146,26418.2191877963,29918.2383111812,34200.4025467219,39270.0370313767,51361.3698774409,64367.25273395,75557.7238541023,83329.7858681163,88000.0906112052
74,Greenland,Americas,Europe,18864.4458524752,20693.9951436648,22871.9884017251,25436.9567039218,28424.7224065324,31868.5399614415,35798.9569669273,40239.1758933364,50598.4265870433,62166.1763981675,73081.4496657318,81765.418734392,87969.8975171227
75,Grenada,Americas,N America,9384.43427866095,11117.2087069655,13391.550031768,16318.1952529469,19986.972075038,24444.3636006379,29677.6717093084,35611.3724373948,48980.4264570093,62734.8349603233,74478.1494594319,82797.1242036577,87992.6961752277
76,Guadeloupe (France),Americas,N America,6263.42194920901,10051.8348479474,16046.0211361662,24255.8074732009,33787.9933625286,43287.6478110335,51732.5520367543,58786.0412862018,69529.9310748835,77466.061445938,83073.7522162871,86408.0032457613,88132.7715943119
77,Guam,Asia-Pacific,SE Asia,18388.850912031,19860.3492805723,21820.8024560237,24391.5896737663,27685.1235531805,31776.3863671917,36672.023869778,42289.973956356,54923.9249797306,67485.7325638253,77569.344665129,84165.4530440289,87941.3415826367
78,Guatemala,Americas,S America,5437.90873368389,6173.78833313989,7361.23465461683,9271.14382215991,12286.8729504294,16847.954120992,23260.8960382073,31431.5595706028,50333.9026455513,67159.4339310459,78563.9429560159,84898.5243589372,88000.0164566845
79,Guinea,Africa,Africa,954.139678921582,1228.66408137345,1711.14622785401,2607.1990531682,4315.6364689513,7499.96205045351,12960.6259984822,21139.2342783037,42989.2975563464,63528.5629546494,77151.5112368932,84456.7415512989,87937.4623359711
80,Guinea - Bissau,Africa,Africa,1840.15113486468,3577.30367494837,6098.85937755555,10010.523160544519,15943.1074704983,24019.3040528735,33484.8165249863,43103.7094237432,59509.0699579375,71250.8776584036,79232.5072509505,84421.0354422638,87889.6018948355
81,Guyana,Americas,S America,5222.45285480604,6711.87686336958,8945.21038713155,12195.5624744158,16698.9200397701,22538.6304266929,29557.751931926,37378.4628057108,53540.561878181,67794.9818321093,78221.6385035001,84578.8805937258,87990.2824588211
82,Haiti,Americas,N America,1346.39290165854,2158.49086975727,3861.92905725505,7291.89040015588,13418.4873804228,22523.6119270197,33550.600328683,44707.6751872197,62902.1422780677,74862.7007671086,82172.2539991258,86153.2360646981,88108.8818001719
83,Honduras,Americas,S America,3641.76271740163,4259.32869964879,5125.29899667719,6342.05886057891,8046.52213736839,10410.6930023835,13631.2234257372,17901.8246564598,30048.9946787489,46280.046462153,63383.5950057525,77753.0363899736,87999.3540895113
84,Hong Kong,Asia-Pacific,NE Asia,40913.9741691739,45910.2663229382,50709.4756455366,55249.0399574257,59486.2004180325,63395.7969725674,66967.4113854102,70202.3286332145,75708.6327609088,80057.4119990691,83431.3029000954,86014.4822032998,87973.0050901695
85,Hungary,Europe,Europe,18775.1513269596,23806.1097657834,29424.5603036037,35336.4591449793,41245.6229720845,46933.9948223655,52302.0035277781,57357.6752902926,66768.9658596,75186.4696306426,81722.9451825549,85874.8824300304,88168.8908627777
86,Iceland,Europe,Europe,31965.0536873858,36032.3553109533,40833.1644367749,46239.4839143479,52015.1103041661,57852.5625349004,63437.8464172271,68515.1760107329,76611.3434184086,81950.251474711,85161.6021620273,86989.776939421,87998.4888036877
87,Ile Amsterdam (France),,,,,,,,,,,,,,,
88,India,Asia-Pacific,India_SAARC,4358.28122647497,6131.5422724565,8717.021778774,12320.5135753752,17059.1904845857,22897.0161847361,29635.7759367757,36972.6149435629,52158.0899638434,66113.2127478264,76933.9701841446,83962.8523115801,87999.4939688793
89,Indonesia,Asia-Pacific,SE Asia,7886.05304010683,10105.2546467657,13090.9494699126,16959.7534733659,21746.186495973,27374.962703958,33672.3305478906,40411.9138286989,54300.4936965068,67219.946561998,77398.6130592114,84100.9137025549,88000.7441691846
90,Iran,Asia-Pacific,MENA,12268.6662315422,14097.8168946074,16511.8533352435,19627.045280212,23529.0778126157,28243.9041265284,33719.4102927657,39827.7416762954,53150.4044792789,66204.5142581404,76778.8445259556,83846.8212584947,87992.496681019
91,Iraq,Asia-Pacific,MENA,10235.7056928697,12391.681113903,15139.3896672303,18552.031483208,22663.1313882904,27455.4385113748,32863.5128347782,38786.7476259508,51640.1976057036,64515.6943375627,75395.8905320422,83086.2698660549,87911.7197192692
92,Ireland,Europe,Europe,40866.1306706773,45799.129630169,50552.8030583214,55067.9103111156,59302.927163254,63232.1971359919,66843.517616818,70135.5456434812,75795.8344929757,80330.8253342802,83901.7332557521,86677.1667783622,88813.404811182
93,Israel,Asia-Pacific,MENA,24117.4996006088,27431.7912509222,31050.5190209981,34917.6125083393,38977.1821500153,43188.2448919032,47534.8622285107,52023.7050790565,61422.1924834441,70820.5672449059,78803.5810522728,84440.2834764732,87998.684263883
94,Italy,Europe,Europe,24933.4170290474,25743.4709433721,26826.2711072674,28263.0540837781,30150.8392322236,32598.7704789899,35717.9278854811,39600.7873060143,49720.3168742249,61931.3976830979,73554.072739956,82341.8211618538,88000.044936003
95,Ivory Coast,Africa,Africa,2475.89192023639,2700.82258170798,3099.54329442298,3820.50944931093,5148.18294484127,7599.44636680175,11968.1974287452,19069.8361490259,40822.5216126923,62987.1407132564,77317.3924150992,84522.7805826813,87732.0099567347
96,Jamaica,Americas,N America,6426.89192194379,6949.57505902591,7785.89202571681,9124.81180282386,11254.1947494378,14568.9071568861,19502.3638122991,26326.3592633312,44498.2006151639,63057.7176061246,76427.0047385936,83957.7897075241,87627.8683658472
97,Japan,Asia-Pacific,NE Asia,26789.0569803458,27287.0547646479,27964.5108142115,28883.7832086422,30126.1352028685,31794.2506703721,34011.1222413223,36910.4846954582,45179.0800589943,56570.0915981571,69100.7802180527,80035.8830229074,87999.9886741076
98,Jordan,Asia-Pacific,MENA,8881.17465848556,10263.6697973219,11993.2607829197,14140.5217516231,16780.3823319282,19988.7252866691,23837.8033922503,28388.1398916216,39663.5916356341,53193.2710271689,66964.7978104693,78844.0550879718,87999.0707277866
99,Kazakhstan,Asia-Pacific,Eurasia,18601.2739292605,22271.1817314322,26584.70290893,31436.3269593692,36660.0170308591,42072.9508350299,47524.5735996226,52924.0885096411,63401.1273888209,72944.6582231862,80421.5341021108,85257.0237577615,87999.8329721918
100,Kenya,Africa,Africa,2190.10573037508,2780.24890142296,4004.24633021399,6571.23423434886,11673.0354011915,20384.7499158196,32193.8177889628,44744.4673826359,64461.4229250433,76063.9723931279,82706.1369172539,86256.1045264361,88000.0163001669
101,Kerguelen Islands (France),,,,,,,,,,,,,,,
102,Kiribati,Asia-Pacific,SE Asia,1374.91264354126,1690.56363536881,2232.0653668107,3203.2733020993,4984.30782345164,8192.41624627953,13572.5269062775,21561.5038556438,43018.7784657733,63463.6047092694,77134.8440581571,84485.0329248079,87987.6458289748
103,Korea. Democratic Peoples Republic,Asia-Pacific,NE Asia,575.919995111432,855.459312267111,1407.72905858266,2519.56992231678,4704.39653407878,8674.37569182571,15034.8381918948,23795.7065321542,45024.695922588,64158.3905288868,77150.3279679324,84403.8565682957,87981.5725085029
104,Korea. Republic of,Asia-Pacific,NE Asia,25691.252417699,29466.0490690208,33247.2088443419,37010.1052238974,40755.7524428855,44513.0724993539,48336.3143155284,52293.0351089828,60776.8374113586,69642.1808389317,77577.4141496347,83607.0087464439,87843.9697692925
105,Kuwait,Asia-Pacific,MENA,54132.8338429935,57922.299032579,61444.9940631747,64692.4642331184,67664.4369190136,70366.991379393,72810.9005700567,75010.198011108,78740.4837001482,81695.7778907099,84012.3464337887,85813.6313518512,87205.6839470875
106,Kyrgyzstan,Asia-Pacific,Eurasia,2477.90562401462,3137.52190251758,4127.95432871823,5611.05464554097,7799.77084577997,10939.4867169039,15258.9825528281,20897.3306819399,35844.5621729191,53325.0065526033,69204.3627482843,80762.063614794,87999.7034846856
107,Laos,Asia-Pacific,SE Asia,4063.45019969179,5733.36786958482,8177.30706961638,11603.343081776,16144.6687043783,21794.7178356465,28389.3791646874,35651.7566246005,50919.617553957,65179.0530004132,76372.6049356515,83727.8235417031,88001.4646512325
108,Latvia,Europe,Europe,16901.5186905791,18829.127441455,21240.1689342167,24200.0738281694,27753.8444363132,31916.4601497569,36668.6572325076,41957.0986977941,53730.028987485,65824.3255425448,76157.6200086776,83461.4555321588,88013.9757859137
109,Lebanon,Asia-Pacific,MENA,12971.1466958277,15161.6878890905,18074.2057695566,21823.295661433,26451.686011828,31895.0096015321,37982.0964217747,44476.6192592573,57711.246731808,69741.9170540985,78936.3873129866,84761.2772300204,87999.4457370652
110,Lesotho,Africa,Africa,1962.32847133882,2466.33992437765,3200.64788563993,4272.80563484191,5829.82605772894,8058.46015779848,11172.4208150685,15381.0620231678,27579.1577146245,44129.7134566676,61824.4459024186,76964.6961462925,88001.1416995449
111,Liberia,Africa,Africa,665.750464847228,984.000811523821,1572.43088759989,2669.22363433518,4664.55300301496,8076.14254490614,13379.5254466596,20729.3561865848,39789.1815288499,59245.6245265251,74070.517125217,83148.7296497585,87982.6079800839
112,Libya,Africa,MENA,12142.4846165081,17827.0247102435,24787.6964842148,32436.3105450372,40077.4170255637,47181.1445926727,53512.6434412189,59095.0966451288,68635.5241579465,76581.6478431077,82517.3190825635,86154.4281034773,88080.7321920659
113,Lithuania,Europe,Europe,19674.8478256114,21263.5047724252,23223.3502825871,25614.1776413771,28493.0595074993,31909.8048507767,35901.7504305311,40485.4482066294,51282.0219038437,63241.3985326762,74231.9853231356,82606.1730021379,88248.1174225975
114,Luxembourg,Europe,Europe,73454.4273225066,76587.2546432209,79027.7697644544,80911.558408252,82355.6042256133,83456.8249413216,84293.3395935134,84926.917825113,85767.0008383571,86244.1836972542,86514.3136777869,86666.9399474535,86753.0823697277
115,Macedonia,Europe,Europe,9083.39342730731,11046.034518055,14036.6171124577,18393.3021146931,24302.8617930955,31599.7846842884,39725.5162976208,47955.3391187442,62677.38142471,73915.6530435669,81472.1641215182,85797.8583231766,87985.7981636579
116,Madagascar,Africa,Africa,1046.27009035994,1166.42175628551,1377.04673309558,1758.13609689134,2471.96625381617,3843.63935359651,6467.71153530392,11213.5006342111,29387.6166637304,53707.9621363604,72655.712278588,83137.8851594319,88000.0183293089
117,Malawi,Africa,Africa,608.428692780261,771.194087998174,1084.63843762705,1717.93432265366,3034.34156646504,5718.2011277446,10730.5630701002,18779.5701652646,41580.9030277672,63269.2542555176,77318.6289603077,84626.7443993563,88000.386757522
118,Malaysia,Asia-Pacific,SE Asia,18958.6649814099,22886.8982085404,27692.5754292972,33216.7537276359,39166.6743963199,45206.6076680623,51068.9991483046,56616.8474524269,66713.6527266289,75367.3494168987,81859.0237627752,85861.1445825269,88002.7758712404
119,Maldives,Asia-Pacific,India_SAARC,9294.11997448877,11060.0778493794,13368.7253495858,16326.6047935871,20018.1125759504,24484.6872040409,29711.1887815508,35623.8381274929,48933.5942825701,62656.8997883787,74428.7058946244,82821.2445775841,88103.5524516046
120,Mali,Africa,Africa,1224.89307668726,1535.53970065808,2072.4319756986797,3044.41346931135,4842.26285400045,8096.56021182851,13552.6338070526,21618.8061458714,43102.4477292319,63467.8843307927,77108.1862333781,84472.1095104047,87995.9798189914
121,Malta,Europe,Europe,22388.4997885131,26269.7482506015,30839.0842440141,35938.059316861,41331.6678074216,46777.7893915595,52098.6154823322,57213.2648758063,66808.0133996814,75319.6546015251,81844.2968263274,85931.2119387055,88152.2485774648
122,Martinique (France),,,,,,,,,,,,,,,
123,Mauritania,Africa,Africa,2848.56723301638,3461.52386854136,4511.09968740145,6316.150583447,9360.58608831306,14215.3478156185,21249.107214716,30252.7632240625,50515.7443886943,67683.4742417241,78917.1416520414,85036.2450942875,87998.5402342062
124,Mauritius,Africa,Europe,13752.6024337202,16386.7488992135,19407.9630149479,22813.9031047917,26594.8340233447,30740.9847623525,35249.5599537345,40125.004850189,50929.0614124328,62502.4127459983,73232.4632768691,81776.703649369,88002.7719213645
125,Mexico,Americas,N America,12554.2854370246,14180.2227731768,16418.1221458343,19429.0823705521,23349.7394236014,28241.6083307691,34046.6183206088,40578.2561917584,54653.1948406398,67882.6664366694,78046.510869635,84461.0522602486,87998.7632756899
126,Moldova,Europe,Europe,3817.87557941785,5273.8741674757,7401.61459394848,10405.4824125308,14449.9055246109,19597.7899384707,25773.4910375158,32774.6610396508,48094.1350945913,62996.0811436209,75043.9579045801,83165.2935242076,87999.3722251895
127,Mongolia,Asia-Pacific,NE Asia,8340.43039224412,11122.1105932361,14822.3393054225,19495.3010321698,25060.8222821084,31310.3515253687,37968.1213696232,44770.8753895966,58043.9352127353,69835.9454377759,78866.0887224796,84659.1552240978,87940.7358865202
128,Morocco,Africa,MENA,5756.24691907745,7357.96047737933,9671.12893453282,12914.0229085107,17261.6146521335,22767.3133710837,29311.2543222288,36616.7834202949,52066.5377990388,66311.6839595438,77201.4972239219,84120.9785643404,87988.7390208965
129,Mozambique,Africa,Africa,916.324305316436,1404.3375388516,2254.53745158419,3712.90988295028,6114.17390943319,9820.23233217555,15091.6925074046,21952.5220644551,39161.0206637205,57316.4284121579,72233.5347470601,82190.9989799659,87979.8463778025
130,Namibia,Africa,Africa,7458.38477174355,9314.57584971187,12033.8601736987,15872.7024588159,20996.3158293037,27361.711053113,34672.1600389697,42463.6332022994,57704.4579228635,70527.4522653233,79667.2249458096,85126.5332948653,87997.4735436726
131,Nepal,Asia-Pacific,India_SAARC,1776.60456839893,2297.06001106491,3159.28629511006,4594.11160911047,6943.58283530098,10628.0591224229,16012.6256586743,23200.6139491915,41455.1674368694,60107.9560163682,74442.8515810413,83277.3008132221,87999.9923338255
132,Netherlands,Europe,Europe,35277.8301559531,38104.7553464101,41295.5549819798,44823.5438385412,48636.0031818516,52655.3327108866,56784.6201209752,60916.9565619734,68779.6575156423,75582.3941197304,81013.155283513,85084.0806655364,87996.9521845508
133,New Caledonia,Asia-Pacific,SE Asia,29586.4358979384,31916.6830026928,35113.1969567312,39245.7867061842,44183.1732706328,49579.2847202641,55007.108228053,60151.1613579392,69242.433119344,76791.4117158956,82417.1165509295,85926.4786407596,87896.5674583324
134,Vanuatu former New Hebrides,Asia-Pacific,SE Asia,2206.32236551541,2492.65070178775,3064.14720242483,4239.86652408023,6694.07514315649,11608.668613017,20198.5605599801,32223.9311010515,57185.1180808558,73388.3152495513,81912.282765479,86073.8419228629,88000.0008881532
135,New Zealand,Asia-Pacific,SE Asia,26766.7737115273,29617.3855167844,32713.5227481038,36031.3949612463,39551.131776242,43265.3111072878,47183.9796453089,51329.7698684937,60316.7148399441,69653.0390556825,77861.6406178772,83900.4917033338,87917.6618655424
136,Nicaragua,Americas,S America,3663.72638093192,4421.87468955708,5516.88328199769,7093.80590093981,9338.18740245744,12461.4555160075,16663.9644635509,22078.1348495617,36380.0759755709,53304.1766602837,68969.1614386664,80590.446502938,87997.7653941306
137,Niger,Africa,Africa,1183.45172876897,1807.05310180545,2865.31787454174,4684.47964217548,7718.81695773612,12431.8811122475,19051.7022598944,27362.0286897038,46375.0557002817,63817.012140742,76426.366696397,83980.3031492283,87998.8513747134
138,Nigeria,Africa,Africa,4665.92309649681,6436.98054219451,9274.29655248691,13587.8972583459,19620.5792563258,27213.3619699345,35770.9459534638,44518.8217044743,60352.1160144215,72561.8897248613,80810.3278516978,85558.1125330149,87976.2689505759
139,Norfolk Island (Australia),,,,,,,,,,,,,,,
140,Northern Mariana Islands,,,,,,,,,,,,,,,
141,Norway,Europe,Europe,52664.0868632364,56076.7405430424,59320.3871269145,62383.6974495565,65260.1111743054,67947.1418350321,70445.6847690275,72759.3601879502,76856.6748639969,80301.4224681524,83168.2946697849,85534.9099170159,87475.8788936503
142,Oman,Asia-Pacific,MENA,28598.9489778929,33217.6046275679,38929.5892912286,45540.2153482975,52630.1245454108,59651.613958921,66092.9434332516,71612.9867310202,79541.2369904339,84014.6778242999,86319.7450299255,87453.1330157099,87997.7048405435
143,Pakistan,Asia-Pacific,India_SAARC,3564.31780858158,4353.51273056776,5602.14182010776,7568.31320348833,10594.2182185664,15039.2935133818,21127.4891891214,28775.5149386491,46757.2133905283,63881.4264859828,76492.8263308461,84047.9731960501,88000.2221813011
144,Panama,Americas,S America,14651.176528823,18170.4692617275,22398.4626643221,27256.5935101563,32594.2640777676,38227.3939010945,43988.0893677657,49758.2664178542,61050.2348506205,71377.5268075347,79519.8051717523,84860.0999552532,87950.220701668
145,Papua New Guinea,Asia-Pacific,SE Asia,2125.4877457892,2675.94329375253,3629.83081104804,5294.33689727415,8143.91511307543,12751.9503170717,19519.0444695136,28307.6068145203,48583.7810719281,66316.3315628102,78198.6555416722,84777.3857878265,88000.2569465322
146,Paraguay,Americas,S America,6595.83956406776,8137.22474611769,10716.378135662,14865.3309137417,21033.2154632345,29178.314435821,38531.0819906451,47940.6053811167,63854.7857127501,74995.0956022158,82092.6678306843,86039.6605197394,88000.0459540402
147,Peru,Americas,S America,9053.75884981953,12166.2309523839,16639.4455917725,22588.8135346763,29775.1269170703,37622.8778771098,45462.1654562014,52802.1685522274,65335.5189382631,75065.7148791392,81886.8733028,85916.6117319187,88001.9536914578
148,Philippines,Asia-Pacific,SE Asia,5216.92744520514,6708.4204201415,8944.29631822538,12197.2628001999,16702.5037078585,22542.47366565,29559.8815631296,37377.4920519217,53534.0607045779,67788.7674506119,78220.4664893216,84583.7544112707,88000.0132171802
149,Poland,Europe,Europe,19310.5307027471,23983.8816899215,29350.5684356507,35145.5512094553,41057.1147945541,46821.8377003823,52290.0572541679,57433.0022767474,66920.3405772506,75291.6549536947,81719.7456676148,85756.2091308509,87956.0024642819
150,Portugal,Europe,Europe,19714.0669133423,21300.8729107804,23255.9612337439,25638.7508670268,28506.4482463187,31909.7725677021,35887.9054386433,40460.1138932742,51253.6850460266,63254.137539164,74331.5701168129,82816.4749498259,88566.7223789999
151,Prince Edward Islands (South Africa),,,,,,,,,,,,,,,
152,Puerto Rico,Americas,N America,25795.3036777134,28495.5121114522,31749.3018090353,35535.495890547,39779.8839327673,44370.1766521959,49186.3047126295,54128.1367228889,64077.7054653709,73360.3750509939,80665.6567600639,85364.5008429432,87999.7162974025
153,Qatar,Asia-Pacific,MENA,100763.321837637,100346.547598713,99784.9646987655,99050.7927514354,98128.0290226127,97023.949273453,95778.1790405348,94462.2535215951,91972.6650724679,90100.024196716,88945.0163744934,88317.5318125536,87999.9646282547
154,Republic of Palau,Asia-Pacific,SE Asia,11033.0556400866,13603.4546074772,16860.5445921109,20849.1658183157,25548.3347696575,30869.4814685166,36677.6718272879,42823.4644112328,55542.0773243713,67656.8175666582,77475.2204949436,84128.5081739575,88124.3528359583
155,Reunion (France),Africa,Africa,6194.03344519283,7882.1239979229,10652.1468744921,14986.9550339592,21229.8992722675,29247.4029028288,38307.5043476638,47415.7583088976,63137.7488830828,74524.9526791841,81919.1758896967,86053.2975164502,88094.0532042098
156,Romania,Europe,Europe,15169.0329822811,19599.1488152057,25665.4315943815,33092.3379136535,41105.762892602,48796.2435419417,55572.8255510635,61312.2643173636,70482.7996697296,77736.9019337178,83067.0553434643,86292.6817776176,87976.5026775177
157,Russia,Europe,Eurasia,18008.17502561,19852.1972375857,22302.7224404962,25474.0383605081,29439.1175598195,34195.5657480842,39647.9809470188,45620.4695431909,58212.1539454121,69980.4855546073,79063.4205717372,84817.0396227199,87999.1315643819
158,Rwanda,Africa,Africa,1308.70198678743,2247.30680282896,4492.67120016513,9477.66104862103,18511.6567842777,30843.632168172,43619.8368859253,54440.0605098752,68917.599568188,77610.4420599741,83165.7092245768,86357.9640087002,87990.5806978206
159,Sao Tome and Principe,Africa,Africa,2220.89115504807,2504.70539347841,3072.008169874,4240.79023805307,6684.9756395253,11591.3774732966,20188.2915886468,32240.9913470073,57235.7992622889,73402.8413932563,81887.5185980621,86028.0776808182,87945.353340652
160,Saudi Arabia,Asia-Pacific,MENA,34096.9228973614,36411.1949349438,39085.3015416184,42123.7702268412,45510.086622591,49202.9399448838,53135.6342334676,57219.6625915447,65427.3636768385,73023.7460694932,79441.6738194785,84470.1102780481,88187.4332254721
161,Senegal,Africa,Africa,1703.02408262286,1919.55829852726,2282.86044302786,2906.20095052916,3996.82883634538,5916.34022730937,9220.17341520853,14563.8249364727,32373.8350983887,54642.8766599822,72424.4768360498,82857.5799133456,87999.9903616356
162,Seychelles,Africa,Africa,19182.5367610557,22610.4342056783,26755.1705131173,31539.7725903087,36800.2580473404,42326.6978884407,47924.3888242227,53459.4451210418,64075.4573091179,73557.7386793154,80847.4724411086,85465.6854620049,88021.6237769074
163,Sierra Leone,Africa,Africa,1497.24503681494,2163.42150157001,3403.87896593656,5685.01831708543,9642.65008511514,15818.9856501464,24215.116740227,34096.579875673,53998.7340818975,69609.9133033525,79703.6442130534,85264.8458098922,87999.70293242
164,Singapore,Asia-Pacific,SE Asia,60759.1757621267,66819.9748622594,71881.1904971031,75944.6201355697,79108.4275747788,81514.9237164266,83313.6847105739,84640.957398438,86315.4464920409,87190.4552743539,87641.833285857,87873.1375656793,87991.2647986464
165,Slovakia,Europe,Europe,19993.3576517428,21481.8496453629,23344.2997184304,25648.057366104,28458.800081012,31834.295744548,35816.8741701512,40422.9371066938,51328.4099541845,63389.2865930959,74372.4576609461,82612.1936494901,88047.4797939109
166,Slovenia,Europe,Europe,21994.4150890406,26115.7479219901,30865.8983556747,36062.9291501993,41472.0745140689,46874.1118077473,52124.2334217087,57170.5557849971,66694.6363020086,75230.4954223347,81831.4013062032,86002.482644209,88292.411311788
167,Solomon Island,Asia-Pacific,SE Asia,1605.33229967079,1930.13402912433,2482.22855491015,3460.28911368059,5231.60038982391,8394.05568894243,13683.6090552032,21563.2812376886,42926.9144899569,63439.2818454015,77156.6870831302,84506.4283052889,87995.0424442691
168,Somalia,Africa,Africa,674.36362033745,1223.53607741336,2320.82715460355,4274.93414274431,7412.3140648563,11966.6147709756,17975.0446176099,25250.3351394546,42104.9102908841,59066.2717262511,72962.3892298807,82383.1510747375,87964.2326528434
169,South Africa,Africa,Africa,9683.04682229297,11016.1324212797,13032.6153801762,16014.8687537968,20252.0549175813,25916.2028354086,32911.4429187773,40823.2913062093,57010.2941403242,70591.6084934497,79930.2620681996,85288.2559333666,87997.6880618738
170,Spain,Europe,Europe,26755.2423087689,29443.2679906026,32468.0978487805,35809.1348536304,39436.8594443162,43322.7261451803,47448.4414971048,51806.5850023979,61131.618983687,70582.0515583068,78651.0697820882,84371.5527220165,88004.5113284165
171,Sri Lanka,Asia-Pacific,India_SAARC,8403.9389866913,11149.7578848097,14758.0328654222,19275.10869704,24633.1691590947,30656.6248420745,37111.752361655,43770.4703260744,56986.999560564,68983.9489942029,78344.6234875383,84466.8166852487,88010.2077950717
172,St. Helena,Africa,Africa,7079.60665436411,9071.36807692358,12105.5407947031,16510.8009431401,22449.9675267824,29741.0335846152,37845.4303666789,46087.2292729931,61046.4586788533,72704.6827570963,80653.8919831188,85253.0964520005,87602.1098680743
173,St. Lucia,Americas,N America,7813.71552511648,8696.99507813137,10091.6976151829,12272.0068077113,15597.1427737517,20435.1038964959,26977.9805988568,35029.4718658424,52983.3695572331,68621.6357078784,79200.0767164678,85098.5342713198,87999.9980425479
174,St. Vincent and the Grenadines,Americas,N America,8056.87681276445,10574.3310898153,14379.8425103287,19762.5192562388,26695.6559613804,34706.8670452295,43040.563863038,51010.0751233241,64599.6688574272,74859.5582910151,81861.2890555035,85924.5275866044,87999.9358618185
175,Sudan,Africa,Africa,3062.36059769056,4012.12556062209,5402.36199803398,7407.64146259765,10224.629590571,14036.2897076955,18962.3335811456,25014.363669094,39887.8525984862,56254.4572073087,70762.1069781382,81305.9794155296,87999.9276116404
176,Suriname,Americas,S America,12518.1975620762,16070.5561765828,21444.0427379482,28735.3708450764,37321.3514123237,46039.8580656402,53876.6140815496,60433.9711093057,70406.2406440518,77834.9604386587,83150.7505491049,86335.3022262988,87989.9130276384
177,Swaziland,Africa,Africa,6054.61739268155,6854.16978830043,8067.99696840375,9902.20386713412,12631.0082594006,16563.6227709305,21948.6762676477,28832.1634624221,45773.6836363962,62851.3432644743,75876.6465966746,83814.855309706,87999.8936614537
178,Sweden,Europe,Europe,34209.1716675518,39522.8010827501,46023.1028113181,53295.7453610906,60668.3097035795,67445.94706101,73152.9990755442,77622.8692085453,83287.7587940222,86015.4063287977,87238.9521053912,87770.495510482,87998.2091927881
179,Switzerland,Europe,Europe,43126.2888098516,46045.0292452975,49256.9731982579,52710.0113538129,56330.22847941,60027.5324871563,63704.5241822384,67266.7884573914,73738.285453917,79030.1731512882,83057.2726026843,85960.2679018602,87973.3158584111
180,Syria,Asia-Pacific,MENA,4454.74015765657,6183.19836769904,8714.82548296392,12267.5662067351,16976.2593021907,22819.0838528936,29598.9638069602,36999.2205887075,52294.7607907958,66251.4243861875,76971.3267918922,83861.8625299253,87773.4153620094
181,Taiwan,,,,,,,,,,,,,,,
182,Tajikistan,Asia-Pacific,Eurasia,2165.69941112263,3585.71224786901,6520.68069770946,12050.7743945543,20786.1612541782,31844.7222650357,43195.821506755,53171.7503627653,67613.0344486895,76891.8011496977,82862.101554343,86261.1934911221,87982.2203821792
183,Tanzania. United Republic of,Africa,Africa,1907.04901600536,2502.30081519091,3536.64900879151,5336.60753622122,8381.91536379063,13204.761490927,20109.5564310139,28871.2735959239,48710.8991816323,66100.1851198257,77961.7666489165,84659.4303648453,87999.8040747199
184,Thailand,Asia-Pacific,SE Asia,12107.8427920568,15862.9261649334,21347.204744559,28555.5399124489,36871.3330014936,45282.9982852642,52934.8820678861,59475.7247125952,69712.6142741384,77451.7992124501,82975.6640190491,86273.2310498055,87982.2688338888
185,Togo,Africa,Africa,1858.9132808389,3589.23047317106,6098.821425144,9995.20725353419,15919.0802824095,24004.9790687366,33496.0429514169,43139.0911880469,59545.4604853355,71246.7032106502,79188.9401573516,84352.5652855527,87808.1447222073
186,Trinidad and Tobago,Americas,N America,23497.336162649,28095.7114813053,33026.5070070573,38098.1703816879,43140.1508448936,48041.6237891313,52767.8918918988,57347.9521742357,66249.7913465106,74563.5829799125,81204.5657952786,85531.8683526778,87994.4774360755
187,Tunisia,Africa,MENA,8552.62490255597,10770.574812936,13829.9314732928,17884.6673927889,22984.5134592235,29024.6781068204,35756.1412073087,42858.8510204815,57000.8305519617,69500.3311753438,78880.9445120413,84758.5797962103,88000.2066587085
188,Turkey,Europe,Europe,14658.2251019017,17528.2086519296,21135.88038564,25495.6005553771,30534.437812866,36100.1608851438,42001.1365178874,48055.6948872981,60058.9575803888,70967.857068297,79438.7158328456,84901.4587279259,87999.4295186997
189,Turkmenistan,Asia-Pacific,Eurasia,11149.2636898914,13348.3185599621,16081.2857587136,19402.3203528215,23336.711147359,27876.3642634624,32983.5363969509,38598.0731268946,50977.0343900054,63747.9963312812,74911.2212998914,83112.7223872816,88490.7583308461
190,Uganda,Africa,Africa,1369.23239965577,2172.81110885464,3858.76542487035,7263.47082661685,13374.4624791041,22498.0129715904,33573.7648205753,44776.383474336,62974.6477820479,74869.543094554,82118.5464812387,86063.0057467613,88000.3783781452
191,Ukraine,Europe,Europe,6796.9027654043,8927.8645935478,12122.2740325979,16668.6567366515,22670.8944984976,29910.0581868508,37870.9414898816,45948.5339036043,60752.2455536786,72530.426973209,80704.7892003249,85501.1334748404,87981.8620443177
192,United Arab Emirates,Asia-Pacific,MENA,48182.9650644731,52036.9493387981,56260.9821107072,60676.5661457986,65070.5943371653,69235.6508739394,73007.4331043609,76285.970382398,81278.283975646,84453.7540244538,86339.8405963797,87415.2580496205,88014.2923733763
193,United Kingdom,Europe,Europe,29766.2740594671,35553.4885055809,43037.3613750871,51674.591776196,60438.1614955848,68271.9279181844,74546.1021793502,79157.5803027754,84451.8901291564,86668.5005850112,87539.0140019291,87872.3205389821,87998.700291188
194,United States,Americas,N America,40405.5788215863,46444.2856162756,53543.933789052,61007.9960349972,67997.199299259,73880.3836522582,78413.8744890061,81679.840527834,85411.5942653484,87000.2536325442,87643.1318602004,87897.9533020904,87998.1298854608
195,Upper Volta - Burkina Faso,Africa,Africa,1241.35653503704,1583.50944231736,2106.07245401695,2911.40421703246,4152.49828628339,6042.25149918024,8846.59127917742,12847.9744510927,25199.2121595493,42659.4142175404,61379.1291998046,77030.068443636,88002.9009519717
196,Uruguay,Americas,S America,15499.5441454979,19016.609362396,23488.0042108568,28847.4885094555,34865.4694450033,41207.2844623323,47546.0250518909,53657.1347142547,64849.1566913681,74333.365817385,81365.7107282372,85686.253335706,88001.7328641586
197,Uzbekistan,Asia-Pacific,Eurasia,4309.73604270048,6379.01962783954,9673.65278746167,14558.649292587,21124.8709172725,29025.185091584,37574.9666110431,46061.3007211174,61150.2790392948,72851.5177647522,80887.1676009511,85579.8280477265,87999.3184948636
198,Venezuela,Americas,S America,12922.365906806,14355.2811111582,16732.0536146618,20523.8138468428,26159.1800695157,33667.8778226942,42385.0649473579,51192.409225899,65943.4054154967,76109.110791885,82579.4126523423,86194.1146227041,87998.997893758
199,Vietnam,Asia-Pacific,SE Asia,4388.82886221448,6722.28545408709,10366.0257700525,15607.4064281247,22410.8040701625,30336.162153602,38707.5104941803,46902.7335632727,61441.0651530928,72863.8169675308,80831.7905241401,85544.4497981807,88001.4533300512
200,Virgin Islands,Americas,N America,23625.2732990461,26805.4651407771,30322.3039939259,34126.7012006996,38164.4423152233,42390.8204609992,46782.1331881152,51335.4409426019,60886.7095802486,70429.5907686405,78524.1121448563,84231.9332936421,87826.391979069
201,West Bank,,,,,,,,,,,,,,,
202,Western Sahara,Africa,Africa,2464.69911314967,3090.26550920873,4034.39145620478,5458.1597089486,7578.36591284231,10651.6392540669,14924.9956385353,20556.3213490524,35625.6154354022,53291.548012558,69239.8362104731,80718.4567210523,87807.6345022314
203,Yemen,Asia-Pacific,MENA,2774.77228106185,3092.26609826502,3654.92260689346,4630.97519933561,6298.48516552027,9075.85533873602,13481.0045097235,19938.4992367718,38491.0263719259,58934.9252141525,74463.0408835768,83502.9722185905,87966.8376307857
204,Serbia (former Yugoslavia),Europe,Europe,9801.30913336463,11558.2080482182,13891.9375031762,16925.695774672,20756.2647201537,25424.6411056411,30895.9169426008,37058.1382454833,50697.2241595226,64318.7582727935,75575.4920127782,83272.5467981403,87900.7632225456
205,Zambia,Africa,Africa,2933.56370461206,3773.71083074829,5165.70906169017,7449.2072766608,11059.7813164623,16391.8581635761,23553.9548724109,32193.212276473,50929.5039898672,67136.3516339494,78323.6246174989,84745.7441775461,87999.5794147805
206,Zimbabwe,Africa,Africa,1362.47494959108,2010.53188066502,3374.32252567106,6213.53302743313,11616.6035149679,20273.555480256,31448.3292598494,43198.37714375,62525.0475650057,74862.1650868485,82175.4159628948,86092.2449025818,88000.5049300491
207,Water,,,,,,,,,,,,,,,
208,Anguilla,Americas,N America,16941.7541485091,21687.6550551102,27576.3300998058,34267.1082954719,41221.7692128114,47919.0241699647,54040.8853557291,59516.7609559498,68932.0073463891,76757.4801137323,82577.9123632168,86125.7860405176,87993.265588468
209,Cayman Islands,Americas,N America,55920.9959197825,59786.6810730728,63325.8062086223,66537.6308916888,69430.4691932121,72019.0981976722,74322.5682989449,76362.4346890476,79742.2240770632,82337.2040625895,84309.9397162325,85798.6665711772,86916.0503997657
210,Cook Islands,Asia-Pacific,SE Asia,12564.3686403148,17935.663904595,24663.9843666513,32229.2575501647,39919.7645847448,47134.9300346298,53572.0171013446,59218.8774953792,68757.8072787607,76607.2065445683,82432.4465789938,85983.020096211,87852.9169326879
211,Curacao,Americas,N America,15475.7656352746,19006.0338184908,23488.9481822355,28855.8051357068,34875.6733400774,41214.5552921422,47547.7801132912,53653.2962385963,64839.6697291483,74326.3901431073,81365.2601829572,85692.4625211753,88013.0299285771
212,Faroe Islands,Europe,Europe,43774.91150215,51961.3164694501,59158.6529087875,65253.7654818063,70270.6754651627,74312.0136256839,77514.7762807481,80021.8314597042,83463.3028916746,85485.1236665835,86655.7002828273,87327.8218860869,87711.9212530919
213,Gibraltar,Europe,Europe,31509.9650393258,33158.5364663622,35642.0689803241,39205.0151756764,43905.188341509,49445.8525878562,55233.3147544195,60706.3187701176,69949.046748651,77238.9590194826,82599.9856288037,85959.0611534551,87874.6496185911
214,Isle of Man,Europe,Europe,43331.0215282374,46916.7171064111,50146.1970816729,53073.3044673987,55778.1492033143,58362.2734931317,60940.5555984086,63624.8224441896,69563.3046332207,75876.0195971721,81244.5963644443,84742.97696611,87600.0
215,Macau Region of China,Asia-Pacific,NE Asia,100845.130950044,100756.032085431,100600.425899987,100332.620365408,99883.1318405132,99159.5589481906,98069.6164898643,96581.7624516359,92981.6489651979,90190.4597077022,88855.5215304738,88363.1773582244,88199.4965911203
216,Marshall Islands,Asia-Pacific,SE Asia,2833.51801363112,3215.17870026174,3857.12510209485,4928.18684076163,6690.41387432791,9522.43558561499,13903.570924614,20296.3270447036,39232.4526306776,60676.1040521921,76185.5779239453,84350.5026412206,87999.9993540508
217,Montenegro,Europe,Europe,11250.7690695645,13401.1617752357,16090.0694970826,19377.7797982011,23294.9705580585,27836.0705883243,32961.4996641509,38604.9110679961,51036.8296103097,63799.6693025697,74869.5142146058,82919.3823238704,88131.7630592707
218,Saint Kitts and Nevis,Americas,N America,16921.5515878839,18841.7992269838,21245.7877980508,24199.6766001455,27749.2437781827,31910.0601559597,36663.0211566567,41954.3855531785,53735.8148348195,65835.04818889,76165.2495139813,83459.6277583884,88000.5443017014
219,Samoa,Asia-Pacific,SE Asia,4262.51308102855,5062.56021101999,6204.15052219974,7827.68664992945,10110.6726795533,13253.8047296323,17446.8255904618,22815.9638779083,36935.451847186,53634.3038726174,69121.9653316061,80640.1534943138,87999.2767202868
220,Sint Maarten,Americas,N America,18987.113172003,22898.4050722551,27690.5088554334,33207.0446619618,39155.9101600475,45199.7269627639,51068.0579548019,56621.3070694249,66722.5703799846,75372.927044769,81857.9633053472,85853.6950749914,87990.5832408646
221,Timor-Leste,Asia-Pacific,SE Asia,1621.44765481392,1912.92940838866,2429.63826112792,3368.96426089799,5097.33544939402,8215.28869584799,13469.1310781994,21336.6032476417,42738.8201118355,63248.8079991293,76884.6760912547,84132.4824685185,87530.1215655402
222,Tokelau,Asia-Pacific,SE Asia,3997.07994427874,5377.414369601211,7523.49460364877,11001.63352217665,16414.1261193627,23948.8093085466,33020.9014823659,42524.9846387189,59350.6860645561,71600.77607675569,79708.8801249404,84638.3601317774,87599.0481498701
223,Tonga,Asia-Pacific,SE Asia,3849.77904057435,4637.96501728516,5968.0331721008,8202.50600547433,11844.8886352593,17399.7098378855,25041.4005680063,34319.0589695076,53872.0666652983,69632.663410684,79791.0483645231,85318.0704817439,88000.5287827441
